question_id,num_turns,original_conversation,translated_conversation,semantic_accuracy_1to5,completeness_1to5,constraints_preserved_yes_no_na,overall_quality_1to5,issues_if_any
6781a9489dde4fa9198ca358_zh_full,5,"[USER]: I'm looking forward to the Bayern Munich vs. Borussia Dortmund match next week. It's always a thrilling encounter. I have a 9 AM editorial meeting, and at 10:30 I have an interview with Vincent Kompany the Bayern Munich manager that day, so I'll have to plan my coverage around these events.


[ASSISTANT]: It sounds like you have an exciting day planned! To ensure you can fully enjoy the match and also prepare for your editorial meeting and interview, here's a suggested plan:

1. Wake up early: Make sure you wake up early enough to prepare for your 9 AM editorial meeting. This will give you time to review any notes or materials you need for the meeting.
2. Editorial meeting: Attend your 9 AM editorial meeting. This should last for about an hour, depending on the agenda.
3. Prepare for the match: After your editorial meeting, take some time to prepare for the Bayern Munich vs. Borussia Dortmund match. This could include reviewing team statistics, recent form, and any other relevant information.
4. Watch the match: The match kicks off at 12:30 PM, so you'll have some time to grab a quick lunch before settling in to watch the game. Make sure you have a reliable way to watch the match, whether that's on TV, a streaming service, or online.
5. Prepare for the interview: After the match, take some time to prepare for your interview with Vincent Kompany. This could include reviewing his coaching style, his career as a player, and any recent news or developments related to Bayern Munich.
6. Conduct the interview: Your interview with Vincent Kompany is scheduled for 10:30 AM, so make sure you're well-prepared and ready to go. This should last for about an hour, depending on the length of the interview.
7. Review and edit: After the interview, take some time to review and edit your notes. This will help you ensure that you have all the information you need to write your article or report.

By following this plan, you should be able to enjoy the match, prepare for your editorial meeting and interview, and still have time to write a great article or report. Good luck!

[USER]: Can you put this plan in order of time for me? The interview with Kompany is a special one that will be aired before the match.

[ASSISTANT]: Certainly! Here's the revised plan with the interview scheduled before the match:

1. Wake up early: Make sure you wake up early enough to prepare for your 9 AM editorial meeting. This will give you time to review any notes or materials you need for the meeting.
2. Editorial meeting: Attend your 9 AM editorial meeting. This should last for about an hour, depending on the agenda.
3. Prepare for the interview: After your editorial meeting, take some time to prepare for your interview with Vincent Kompany. This could include reviewing his coaching style, his career as a player, and any recent news or developments related to Bayern Munich.
4. Conduct the interview: Your interview with Vincent Kompany is scheduled to be aired before the match, so make sure you're well-prepared and ready to go. This should last for about an hour, depending on the length of the interview.
5. Prepare for the match: After the interview, take some time to prepare for the Bayern Munich vs. Borussia Dortmund match. This could include reviewing team statistics, recent form, and any other relevant information.
6. Watch the match: The match kicks off at 12:30 PM, so you'll have some time to grab a quick lunch before settling in to watch the game. Make sure you have a reliable way to watch the match, whether that's on TV, a streaming service, or online.
7. Review and edit: After the match, take some time to review and edit your notes. This will help you ensure that you have all the information you need to write your article or report.

By following this revised plan, you should be able to conduct your interview with Vincent Kompany, enjoy the match, and still have time to write a great article or report. Good luck!

[USER]: Amazing news! I've managed to snag an interview with England's top international goalscorer and Bundesliga record-breaker Harry Kane at 9:15 the morning of the game!
Can you suggest some questions for me to ask him? Focus on the differences between Arsenal vs Tottenham derby game and how it compares to this game coming up.","[USER]: 我期待下周拜仁慕尼黑对阵多特蒙德的比赛。这总是一次激动人心的邂逅。我上午 9 点有一个编辑会议，10 点 30 分我要采访拜仁慕尼黑主教练文森特·孔帕尼，所以我必须围绕这些事件计划我的报道。

[ASSISTANT]: 听起来您已经计划了令人兴奋的一天！为了确保您能够充分享受比赛并为编辑会议和采访做好准备，这里有一个建议计划：

1. 早起：确保您早起，为上午 9 点的编辑会议做好准备。这将使您有时间查看会议所需的任何笔记或材料。
2. 编辑会议：参加上午 9 点的编辑会议。这应该持续大约一个小时，具体取决于议程。
3. 准备比赛：编辑会议结束后，花一些时间准备拜仁慕尼黑对阵多特蒙德的比赛。这可能包括审查球队统计数据、最近的表现以及任何其他相关信息。
4. 观看比赛：比赛于中午 12:30 开始，因此您有时间吃点午餐，然后再观看比赛。确保您有可靠的方式观看比赛，无论是通过电视、流媒体服务还是在线观看。
5. 准备采访：比赛结束后，花一些时间准备文森特·孔帕尼的采访。这可能包括回顾他的教练风格、球员生涯以及与拜仁慕尼黑相关的任何最新新闻或动态。
6. 进行面试：您与 Vincent Kompany 的面试安排在上午 10:30，因此请确保您已做好充分准备并准备好出发。这应该持续大约一个小时，具体取决于采访的长度。
7. 回顾和编辑：面试后，花一些时间回顾和编辑你的笔记。这将帮助您确保拥有撰写文章或报告所需的所有信息。

通过遵循这个计划，您应该能够享受比赛，准备编辑会议和采访，并且仍然有时间写一篇精彩的文章或报告。祝你好运！

[USER]: 你能帮我把这个计划按时间顺序排列一下吗？对孔帕尼的采访是一场特别的采访，将在赛前播出。

[ASSISTANT]: 当然！以下是赛前安排的修改后的采访计划：

1. 早起：确保您早起，为上午 9 点的编辑会议做好准备。这将使您有时间查看会议所需的任何笔记或材料。
2. 编辑会议：参加上午 9 点的编辑会议。这应该持续大约一个小时，具体取决于议程。
3. 准备采访：编辑会议结束后，花一些时间准备文森特·孔帕尼的采访。这可能包括回顾他的教练风格、球员生涯以及与拜仁慕尼黑相关的任何最新新闻或动态。
4. 进行采访：您对文森特·孔帕尼的采访计划在赛前播出，因此请确保您做好充分准备并做好准备。这应该持续大约一个小时，具体取决于采访的长度。
5. 准备比赛：面试结束后，花一些时间准备拜仁慕尼黑对阵多特蒙德的比赛。这可能包括审查球队统计数据、最近的表现以及任何其他相关信息。
6. 观看比赛：比赛于中午 12:30 开始，因此您有时间吃点午餐，然后再观看比赛。确保您有可靠的方式观看比赛，无论是通过电视、流媒体服务还是在线观看。
7. 回顾和编辑：比赛结束后，花一些时间回顾和编辑你的笔记。这将帮助您确保拥有撰写文章或报告所需的所有信息。

通过遵循这个修改后的计划，您应该能够与文森特·孔帕尼进行采访，享受比赛，并且仍然有时间写一篇精彩的文章或报告。祝你好运！

[USER]: 惊人的消息！我成功地在比赛当天上午 9 点 15 分采访了英格兰顶级国际射手、德甲纪录打破者哈里·凯恩！
你能建议我问他一些问题吗？重点关注阿森纳与托特纳姆热刺德比比赛之间的差异，以及它与即将到来的这场比赛的比较。",,,,,
674567d0ca4c4fe026e3425b_zh_full,9,"[USER]: I've been thinking about deepening my understanding of Nikolai Roslavets and his influence on contemporary classical music. I'm particularly interested in his use of synthetic chords and how they might impact modern interpretations of piano compositions. I want to incorporate some of his techniques into my own performances. Any suggestions on where to start?

[ASSISTANT]: Exploring Nikolai Roslavets and his innovative use of synthetic chords is a fascinating journey into early 20th-century music. Roslavets was a pioneering figure in Russian avant-garde music, and his work can indeed offer fresh perspectives for contemporary interpretations and performances. Here are some steps you might consider to deepen your understanding and incorporate his techniques into your own performances:

1. **Study Roslavets' Works**: Begin by listening to and analyzing some of Roslavets' key compositions, such as his piano sonatas and preludes. Pay particular attention to his use of synthetic chords and how they create unique harmonic textures.

2. **Research Synthetic Chords**: Delve into the theory behind Roslavets' synthetic chords. These are constructed using specific intervallic patterns, which he used to create a new harmonic language. Understanding the structure and purpose of these chords will be crucial for incorporating them into your performances.

3. **Score Analysis**: Obtain scores of Roslavets' piano works and conduct a detailed analysis. Look for recurring patterns, chord structures, and how he transitions between different harmonic areas. This will give you insight into his compositional techniques.

4. **Historical Context**: Learn about the historical and cultural context in which Roslavets composed. Understanding the influences and challenges he faced can provide deeper insight into his music and its intended emotional impact.

5. **Explore Modern Interpretations**: Listen to contemporary pianists who have recorded Roslavets' works. Analyze their interpretations and consider how they bring out the unique qualities of his music. This can inspire your own approach to performance.

6. **Experiment with Improvisation**: Try improvising using Roslavets' synthetic chords. This will help you internalize their sound and explore how they can be adapted into your own musical language.

7. **Incorporate into Repertoire**: Gradually incorporate Roslavets' techniques into your existing repertoire. Start with small sections where you can experiment with synthetic chords and gradually expand as you become more comfortable.

8. **Work with a Teacher or Mentor**: If possible, work with a teacher or mentor who is knowledgeable about early 20th-century music or Roslavets specifically. They can provide valuable feedback and guidance as you explore these techniques.

9. **Join Forums and Discussions**: Engage with online forums or discussion groups focused on contemporary classical music. Sharing insights and experiences with other musicians can provide new ideas and perspectives.

10. **Attend Performances and Lectures**: If available, attend performances or lectures on Roslavets or related topics. Live experiences can offer a different dimension to your understanding and appreciation of his music.

By immersing yourself in Roslavets' work and experimenting with his techniques, you can develop a unique interpretative style that pays homage to his innovative spirit while enriching your own musical expression.

[USER]: I've also been captivated by the simplicity and profound emotional expression found in minimalist piano works. I'm considering exploring this style to bring a new dimension to my performances. Could you suggest some composers or pieces that exemplify minimalism in piano music?

[ASSISTANT]: Exploring minimalist piano music can indeed add a new dimension to your performances, offering a contrast to more complex styles like those of Roslavets. Minimalism, with its focus on simplicity, repetition, and gradual transformation, can create profound emotional experiences. Here are some composers and pieces that exemplify minimalism in piano music:

1. **Philip Glass**:
   - **""Metamorphosis""**: A series of five pieces that are quintessential examples of Glass's style, featuring repetitive structures and subtle variations.
   - **""Mad Rush""**: Originally composed for organ, this piece translates beautifully to piano, showcasing Glass's signature arpeggios and rhythmic patterns.

2. **Steve Reich**:
   - **""Piano Phase""**: A groundbreaking work for two pianos (or one pianist and a recording), exploring phasing patterns that create complex textures from simple motifs.

3. **Terry Riley**:
   - **""The Heaven Ladder, Book 7""**: This collection includes pieces like ""Misha’s Bear Dance,"" which blend minimalism with elements of jazz and world music.

4. **Arvo Pärt**:
   - **""Für Alina""**: A beautifully simple piece that exemplifies Pärt's tintinnabuli style, creating a meditative and introspective atmosphere.

5. **John Adams**:
   - **""China Gates""**: A short, accessible piece that uses repetitive patterns and gradual shifts in harmony to create a serene soundscape.

6. **Michael Nyman**:
   - **""The Piano""**: The soundtrack from the film ""The Piano"" includes pieces like ""The Heart Asks Pleasure First,"" which are minimalist in nature and emotionally evocative.

7. **Ludovico Einaudi**:
   - **""Le Onde""**: Known for his lyrical and accessible style, Einaudi's work often features repetitive patterns and simple harmonies that resonate with minimalist principles.

8. **Max Richter**:
   - **""The Blue Notebooks""**: While not strictly minimalist, Richter's work often incorporates minimalist elements, creating emotionally rich and contemplative pieces.

9. **Yann Tiersen**:
   - **""Comptine d'un autre été: L'après-midi""**: Known from the film ""Amélie,"" this piece features repetitive motifs and a poignant melody, embodying minimalist aesthetics.

10. **Nils Frahm**:
    - **""Felt""**: Frahm's work often blends minimalism with electronic music, creating intimate and atmospheric piano pieces.

As you explore these composers and pieces, consider how their use of repetition, subtle variation, and emotional depth can influence your own performances. Experiment with incorporating minimalist techniques into your repertoire, perhaps by focusing on the clarity of each note and the emotional journey created through gradual changes in texture and dynamics.

[USER]: I've noticed that sometimes my performances lack the emotional depth I aim for, and I struggle to fully convey the feelings behind the pieces. Do you have any suggestions on how I can enhance the emotional expression in my playing?

[ASSISTANT]: Enhancing emotional expression in your piano performances is a rewarding journey that involves both technical and interpretative development. Here are some strategies to help you convey deeper emotions through your playing:

1. **Understand the Music**: 
   - **Research the Composer and Context**: Learn about the composer’s life, the historical context of the piece, and any specific events or emotions that inspired it. Understanding the background can inform your interpretation.
   - **Analyze the Score**: Look for expressive markings, dynamic changes, and structural elements that suggest emotional shifts. Understanding the architecture of the piece can guide your emotional expression.

2. **Connect Personally**:
   - **Find Personal Resonance**: Relate the music to your own experiences or emotions. This personal connection can make your interpretation more genuine and heartfelt.
   - **Visualize a Story**: Imagine a narrative or scene that the music evokes. This can help you convey a more vivid emotional landscape.

3. **Focus on Dynamics and Articulation**:
   - **Experiment with Dynamics**: Use a wide range of dynamics to highlight emotional contrasts. Subtle changes in volume can add depth and nuance.
   - **Vary Articulation**: Explore different articulations (legato, staccato, tenuto) to express various emotions and characters within the piece.

4. **Phrasing and Timing**:
   - **Shape Phrases**: Think about the rise and fall of phrases, much like a singer would. Emphasize the natural ebb and flow of the music.
   - **Use Rubato**: Tasteful rubato can add expressiveness by allowing you to linger on important notes or phrases, creating a sense of spontaneity and emotion.

5. **Technical Mastery**:
   - **Practice Slowly**: Slow practice allows you to focus on the emotional content of each note and phrase, ensuring that technical challenges don’t hinder expression.
   - **Refine Touch and Tone**: Experiment with different touches to produce a variety of tones, from warm and gentle to bright and intense.

6. **Listen and Learn**:
   - **Study Great Performers**: Listen to recordings by renowned pianists and analyze how they convey emotion. Pay attention to their use of dynamics, phrasing, and timing.
   - **Record Yourself**: Recording and listening to your own performances can help you identify areas where emotional expression can be enhanced.

7. **Emotional Preparation**:
   - **Mental and Emotional State**: Before performing, take a moment to center yourself and connect emotionally with the piece. This preparation can help you convey the intended feelings more effectively.

8. **Seek Feedback**:
   - **Constructive Criticism**: Perform for teachers, peers, or mentors and ask for feedback on your emotional expression. They may offer valuable insights and suggestions.

9. **Experiment with Improvisation**:
   - **Express Freely**: Improvisation can help you explore emotional expression without the constraints of written music, allowing you to develop a more intuitive connection with your instrument.

By incorporating these strategies into your practice and performance routine, you can deepen your emotional connection to the music and convey a richer, more compelling interpretation to your audience. Remember that emotional expression is a personal journey, and finding your unique voice is an ongoing process.

[USER]: I'm preparing to compete in an international piano competition that emphasizes innovative interpretations of classical pieces. I want to present something unique that showcases both my technical skills and artistic creativity. Do you have any suggestions on selecting repertoire or techniques to make my performance stand out?

[ASSISTANT]: Preparing for an international piano competition with a focus on innovative interpretations is an exciting opportunity to showcase your technical prowess and artistic creativity. Here are some suggestions to help you select repertoire and develop a performance that stands out:

1. **Choose a Diverse Repertoire**:
   - **Mix Well-Known and Lesser-Known Works**: Consider pairing a popular piece with a lesser-known work by the same composer or from the same period. This can demonstrate both your familiarity with the canon and your willingness to explore.
   - **Include Contemporary or Unusual Works**: Incorporate a modern or avant-garde piece that challenges traditional boundaries. This can highlight your versatility and openness to new musical ideas.

2. **Highlight Your Strengths**:
   - **Select Pieces That Showcase Your Skills**: Choose repertoire that plays to your technical strengths, whether it’s virtuosic passages, lyrical phrasing, or dynamic contrasts.
   - **Demonstrate Versatility**: Include pieces that require different techniques and styles, such as a Baroque work, a Romantic piece, and a contemporary composition.

3. **Innovative Interpretations**:
   - **Reimagine a Classic**: Consider offering a fresh take on a well-known piece. This might involve exploring different tempos, dynamics, or articulations that bring out new aspects of the music.
   - **Incorporate Elements of Improvisation**: If appropriate, add a brief improvised cadenza or embellishment to showcase your creativity and spontaneity.

4. **Research and Contextualize**:
   - **Deep Dive into the Composer’s Intentions**: Understanding the historical and personal context of the piece can inspire unique interpretative choices.
   - **Explore Different Editions**: Compare various editions of a piece to discover different interpretative possibilities.

5. **Engage with the Audience**:
   - **Create a Narrative**: Think about how your repertoire tells a story or conveys a particular journey. Communicating this narrative can make your performance more compelling.
   - **Consider Program Notes**: If allowed, provide insightful program notes that explain your interpretative choices and the connections between pieces.

6. **Technical Mastery and Expression**:
   - **Balance Technique with Emotion**: Ensure that your technical skills serve the emotional expression of the music. A technically flawless performance should also be deeply expressive.
   - **Focus on Tone and Color**: Experiment with different touches and pedal techniques to create a rich palette of sounds.

7. **Seek Feedback and Refine**:
   - **Perform for Others**: Play your program for teachers, peers, or mentors and seek constructive feedback. They may offer valuable insights into your interpretation and presentation.
   - **Record and Review**: Record your practice sessions and performances to identify areas for improvement and to refine your interpretation.

8. **Stay Authentic**:
   - **Be True to Your Artistic Voice**: While innovation is important, ensure that your interpretations feel authentic to you. Your genuine connection to the music will resonate with the audience.

By thoughtfully selecting your repertoire and developing a unique interpretative approach, you can create a memorable and impactful performance that stands out in an international competition setting. Good luck!

[USER]: I have a lot of ideas but I am struggling to blend everything. I want to pay subtle homage to the classical composers I'm drawn to while demonstrating contemporary knowledge. What specific elements or techniques of composers that I'm drawn to can I incorporate into my repertoire?","[USER]: 我一直在考虑加深对尼古拉·罗斯拉维茨及其对当代古典音乐影响的理解。我对他对合成和弦的使用以及它们如何影响钢琴作品的现代诠释特别感兴趣。我想把他的一些技巧融入到我自己的表演中。关于从哪里开始有什么建议吗？

[ASSISTANT]: 探索尼古拉·罗斯拉维茨及其对合成和弦的创新运用是一段 20 世纪早期音乐的迷人之旅。罗斯拉维茨是俄罗斯前卫音乐的先驱人物，他的作品确实可以为当代的诠释和表演提供新鲜的视角。您可以考虑以下一些步骤来加深理解并将他的技术融入到您自己的表演中：

1. **研究罗斯拉维茨的作品**：首先聆听并分析罗斯拉维茨的一些重要作品，例如他的钢琴奏鸣曲和前奏曲。特别注意他对合成和弦的使用以及它们如何创造独特的和声纹理。

2. **研究合成和弦**：深入研究罗斯拉维茨合成和弦背后的理论。这些是使用特定的音程模式构建的，他用它来创建一种新的和声语言。理解这些和弦的结构和目的对于将它们融入到你的表演中至关重要。

3. **乐谱分析**：获取罗斯拉维茨钢琴作品的乐谱并进行详细分析。寻找重复出现的模式、和弦结构以及他如何在不同和声区域之间过渡。这将使您深入了解他的作曲技巧。

4. **历史背景**：了解罗斯拉维茨创作的历史和文化背景。了解他所面临的影响和挑战可以更深入地了解他的音乐及其预期的情感影响。

5. **探索现代诠释**：聆听录制罗斯拉维茨作品的当代钢琴家的演奏。分析他们的诠释并考虑他们如何展现他音乐的独特品质。这可以激发您自己的绩效方法。

6. **即兴实验**：尝试使用罗斯拉维茨的合成和弦即兴创作。这将帮助您内化他们的声音并探索如何将它们改编成您自己的音乐语言。

7. **融入曲目**：逐渐将罗斯拉维茨的技巧融入你现有的曲目中。从小部分开始，您可以尝试合成和弦，并随着您变得更加舒适而逐渐扩展。

8. **与老师或导师一起工作**：如果可能，请与熟悉 20 世纪早期音乐或罗斯拉维茨 (Roslavets) 的老师或导师一起工作。当您探索这些技术时，他们可以提供宝贵的反馈和指导。

9. **加入论坛和讨论**：参与专注于当代古典音乐的在线论坛或讨论组。与其他音乐家分享见解和经验可以提供新的想法和观点。

10. **参加表演和讲座**：如果可以的话，参加有关罗斯拉维茨或相关主题的表演或讲座。现场体验可以为您理解和欣赏他的音乐提供不同的维度。

通过沉浸在罗斯拉维茨的作品中并尝试他的技巧，您可以发展出独特的诠释风格，向他的创新精神致敬，同时丰富您自己的音乐表达。

[USER]: 我也被极简主义钢琴作品中的简单性和深刻的情感表达所吸引。我正在考虑探索这种风格，为我的表演带来新的维度。您能推荐一些体现钢琴音乐极简主义的作曲家或作品吗？

[ASSISTANT]: 探索极简主义钢琴音乐确实可以为您的表演增添新的维度，与罗斯拉维茨等更复杂的风格形成鲜明对比。极简主义注重简单、重复和渐进的转变，可以创造深刻的情感体验。以下是一些体现钢琴音乐极简主义的作曲家和作品：

1. **菲利普·格拉斯**：
   - **“变形”**：一系列五件作品是格拉斯风格的典型例子，具有重复的结构和微妙的变化。
   - **“Mad Rush”**：这首作品最初是为管风琴创作的，后来完美地转化为钢琴，展示了格拉斯标志性的琶音和节奏模式。

2. **史蒂夫·赖克**：
   - **“钢琴阶段”**：两架钢琴（或一名钢琴家和一张录音）的开创性作品，探索从简单主题创建复杂纹理的阶段模式。

3. **特里·莱利**：
   - **“天堂之梯，第 7 册”**：该系列包括“Misha 的熊之舞”等作品，将极简主义与爵士乐和世界音乐元素融为一体。

4. **阿尔沃·帕特**：
   - **“Für Alina”**：一首美丽而简单的作品，体现了 Pärt 的tintinnabuli 风格，营造出冥想和内省的氛围。

5. **约翰·亚当斯**：
   - **“中国之门”**：一首简短易懂的作品，使用重复的模式和和谐的逐渐转变来创造宁静的音景。

6. **迈克尔·尼曼**：
   - **“钢琴”**：电影《钢琴》的配乐包括“心先求乐”等曲目，这些曲目本质上是极简主义的，并且能够唤起人们的情感。

7. **卢多维科·埃诺迪**：
   - **“Le Onde”**：Einaudi 以其抒情且平易近人的风格而闻名，其作品经常以重复的模式和简单的和声为特色，与极简主义原则产生共鸣。

8. **马克斯·里克特**：
   - **“蓝色笔记本”**：虽然不是严格的极简主义，但里希特的作品经常融入极简主义元素，创造出情感丰富且令人沉思的作品。

9. **扬·蒂尔森**：
   - **“Comptine d'un autre été: L'après-midi”**：这首作品出自电影《天使天使》，以重复的主题和凄美的旋律为特色，体现了极简主义美学。

10. **尼尔斯·弗拉姆**：
    - **“Felt”**：Frahm 的作品经常将极简主义与电子音乐融合在一起，创作出亲密而大气的钢琴曲。

当您探索这些作曲家和作品时，请考虑他们对重复、微妙变化和情感深度的使用如何影响您自己的表演。尝试将极简主义技巧融入你的曲目中，也许可以通过关注每个音符的清晰度以及通过纹理和动态的逐渐变化所创造的情感旅程。

[USER]: 我注意到有时我的表演缺乏我所追求的情感深度，我很难充分传达作品背后的情感。您对我如何增强演奏中的情感表达有什么建议吗？

[ASSISTANT]: 增强钢琴演奏中的情感表达是一个有益的旅程，涉及技术和诠释的发展。以下是一些可以帮助您通过演奏传达更深层次情感的策略：

1. **理解音乐**： 
   - **研究作曲家和背景**：了解作曲家的生活、作品的历史背景以及激发其灵感的任何特定事件或情感。了解背景可以为您的解释提供信息。
   - **分析乐谱**：寻找表现力标记、动态变化和表明情绪变化的结构元素。理解作品的结构可以指导你的情感表达。

2. **个人联系**：
   - **寻找个人共鸣**：将音乐与您自己的经历或情感联系起来。这种个人联系可以使您的解释更加真诚和真诚。
   - **想象一个故事**：想象音乐唤起的叙述或场景。这可以帮助你传达更生动的情感景观。

3. **关注动态和清晰度**：
   - **动态实验**：使用广泛的动态来突出情感对比。音量的细微变化可以增加深度和细微差别。
   - **变化发音**：探索不同的发音（连奏、断奏、缓音）来表达作品中的各种情感和人物。

4. **措辞和时间安排**：
   - **塑造乐句**：像歌手一样思考乐句的兴衰。强调音乐的自然起伏。
   - **使用 Rubato**：有品味的 rubato 可以让您在重要的音符或短语上徘徊，从而增加表现力，创造一种自发和情感的感觉。

5. **技术掌握**：
   - **慢慢练习**：缓慢练习可以让您专注于每个音符和短语的情感内容，确保技术挑战不会妨碍表达。
   - **优化触感和音调**：尝试不同的触感以产生各种音调，从温暖柔和到明亮强烈。

6. **倾听和学习**：
   - **研究伟大的表演者**：聆听著名钢琴家的录音并分析他们如何传达情感。注意他们对力度、措辞和时机的使用。
   - **自己录音**：录制和聆听自己的表演可以帮助您确定可以增强情感表达的领域。

7. **情绪准备**：
   - **精神和情绪状态**：表演之前，花点时间集中精力并与作品建立情感联系。这种准备可以帮助您更有效地传达预期的感受。

8. **寻求反馈**：
   - **建设性批评**：为老师、同伴或导师表演，并询问有关您情绪表达的反馈。他们可能会提供宝贵的见解和建议。

9. **即兴实验**：
   - **自由表达**：即兴创作可以帮助您探索情感表达，不受书面音乐的限制，让您与乐器建立更直观的联系。

通过将这些策略融入到您的练习和表演过程中，您可以加深与音乐的情感联系，并向观众传达更丰富、更引人注目的诠释。请记住，情感表达是一个个人旅程，找到自己独特的声音是一个持续的过程。

[USER]: 我正准备参加一项国际钢琴比赛，该比赛强调对古典作品的创新诠释。我想展示一些独特的东西来展示我的技术技能和艺术创造力。您对选择曲目或技巧以使我的表演脱颖而出有什么建议吗？

[ASSISTANT]: 准备一场以创新诠释为重点的国际钢琴比赛是展示您的技术实力和艺术创造力的令人兴奋的机会。以下是一些建议，可帮助您选择曲目并打造出出色的表演：

1. **选择多样化的曲目**：
   - **混合知名和鲜为人知的作品**：考虑将流行作品与同一作曲家或同一时期的鲜为人知的作品配对。这可以表明您对正典的熟悉程度以及您探索的意愿。
   - **包括当代或不寻常的作品**：融入挑战传统界限的现代或前卫作品。这可以突显您的多才多艺和对新音乐想法的开放态度。

2. **突出你的优势**：
   - **选择展示您技能的曲目**：选择能够发挥您技术优势的曲目，无论是精湛的段落、抒情的乐句还是动态的对比。
   - **展示多功能性**：包括需要不同技术和风格的作品，例如巴洛克作品、浪漫主义作品和当代作品。

3. **创新解读**：
   - **重新想象经典**：考虑为知名作品提供新鲜的诠释。这可能涉及探索不同的节奏、动态或发音，以展现音乐的新方面。
   - **融入即兴创作元素**：如果合适，添加简短的即兴华彩或装饰来展示您的创造力和自发性。

4. **研究并结合情境**：
   - **深入探究作曲家的意图**：了解作品的历史和个人背景可以激发独特的解释选择。
   - **探索不同版本**：比较一件作品的不同版本，以发现不同的解释可能性。

5. **与观众互动**：
   - **创建一个叙述**：想想你的剧目如何讲述一个故事或传达一个特定的旅程。传达这种叙述可以使你的表演更加引人注目。
   - **考虑程序注释**：如果允许，请提供富有洞察力的程序注释，解释您的解释选择以及各部分之间的联系。

6. **技术掌握与表达**：
   - **平衡技术与情感**：确保您的技术技能服务于音乐的情感表达。技术上完美的表演也应该具有深刻的表现力。
   - **专注于音调和颜色**：尝试不同的触感和踏板技术来创建丰富的声音调色板。

7. **寻求反馈并完善**：
   - **为他人表演**：为老师、同伴或导师表演您的节目并寻求建设性反馈。他们可能会为您的解释和演示提供宝贵的见解。
   - **记录和回顾**：记录您的练习和表演，以确定需要改进的领域并完善您的解释。

8. **保持真实**：
   - **忠于你的艺术声音**：虽然创新很重要，但请确保你的诠释让你感觉真实。您与音乐的真诚联系将会引起观众的共鸣。

通过深思熟虑地选择您的曲目并制定独特的诠释方法，您可以创造出令人难忘且有影响力的表演，在国际比赛中脱颖而出。祝你好运！

[USER]: 我有很多想法，但我很难将所有想法融合在一起。我想在展示当代知识的同时向我所吸引的古典作曲家表达微妙的敬意。我可以将哪些作曲家的特定元素或技巧吸引到我的曲目中？",,,,,
6745621c15274f907a948576_zh_full,13,"[USER]: Hey, I've recently started urban gardening on my apartment balcony. I'm really excited because I started growing some rare heirloom tomatoes. It's a bit of a challenge with the limited space, but I'm trying to make the most of it with container gardening. Have you ever tried something like this?

[ASSISTANT]: While I can't personally grow plants since I'm an AI, I can definitely help you with urban container gardening! Growing heirloom tomatoes on a balcony is an exciting project. Could you tell me a bit more about your balcony setup? Specifically:

1. How many hours of direct sunlight does your balcony get?
2. What size containers are you planning to use?
3. Which heirloom tomato varieties are you interested in growing?

This information would help me provide more specific advice for your situation. In general, tomatoes need at least 6 hours of direct sunlight and fairly large containers (at least 5 gallons) to thrive. Heirloom varieties can be particularly rewarding to grow, though some can get quite large, so choosing the right variety for your space is important.

[USER]: I may be able to plant a bigger variety. I heard there's a new community center with a community garden being planned in the city. What do you think about such projects and their impact on local communities?

[ASSISTANT]: I aim to provide a balanced perspective on community centers, but I should note that I can't offer personal opinions on such matters. Instead, I can discuss the general impacts that community centers typically have on local areas:

Common benefits include:
- Creating spaces for social interaction and community gatherings
- Providing venues for educational programs and classes
- Offering recreational facilities for youth and adults
- Serving as emergency shelters when needed
- Potentially increasing property values in the surrounding area

Potential challenges can include:
- Initial construction costs and ongoing maintenance expenses
- Possible increases in local traffic
- Need for adequate parking
- Operating costs that may affect local budgets

Would you like to know more about any specific aspect of community centers, such as typical programs they offer or how they're usually funded? Also, do you have any specific information about the planned community center in your city that you'd like to discuss?

[USER]: You know, if the community center doesn't get approved, I've been thinking about adopting a large dog for companionship. Do you have any tips on managing a pet like that in an apartment setting?

[ASSISTANT]: That's a great question! Managing a large dog in an apartment requires careful planning. I can help you think through some key considerations:

Exercise and Space Management:
- Large dogs need regular exercise - are you near parks or walking trails?
- Can you commit to multiple daily walks?
- Do you have space for a large dog bed and crate?

Apartment-Specific Considerations:
- Does your apartment complex have breed or size restrictions?
- Is there an easily accessible outdoor area for bathroom breaks?
- Are you on a ground floor or would your dog need to use stairs/elevator?

Before making specific recommendations, could you tell me:
1. How many hours per day are you typically away from home?
2. What's your activity level/exercise routine?
3. Do you have any specific breeds in mind?

This would help me provide more targeted advice for your situation. Also, have you considered meeting with some large dogs at local shelters to get a feel for different personalities and energy levels?

[USER]: Actually, I just remembered that I'm quite allergic to pet dander. Maybe getting a large dog isn't the best idea after all.

[ASSISTANT]: Ah, that's definitely an important consideration! You're probably right that a large dog might not be the best fit given your allergies. However, if you're still interested in having a pet, there are several alternatives you might want to consider:

Hypoallergenic Dogs:
- While no dog is 100% allergen-free, breeds like Poodles, Maltese, or Portuguese Water Dogs tend to be better for allergy sufferers
- These breeds shed less and produce less dander

Other Pet Options:
- Fish can make wonderful pets and don't trigger allergies
- Reptiles like bearded dragons or leopard geckos are allergy-friendly
- Birds might be an option, though some people can be allergic to their feathers

Would you like to explore any of these alternative options? Or would you prefer to focus on finding other ways to interact with animals without having one at home, such as volunteering at shelters while wearing protective gear?

[USER]: I don't like fish, reptiles, or birds as pets. Since getting a pet isn't an option, I'm looking for something fun to do at home during the weekends. Do you have any suggestions for projects or activities that would be enjoyable in a small apartment?

[ASSISTANT]: Absolutely! There are lots of engaging indoor activities you could try. Here are some suggestions based on different interests:

Creative Projects:
- Start a paint-by-numbers kit
- Try origami
- Learn hand lettering or calligraphy
- Start a scrapbook or photo album

Kitchen Adventures:
- Try baking bread from scratch
- Learn to make sushi
- Experiment with fermenting (like kombucha or pickles)
- Try a new cuisine you've never cooked before

Indoor Hobbies:
- Start an indoor herb garden (no allergies there!)
- Learn to knit or crochet
- Try puzzle-solving
- Begin a meditation practice

To help narrow these down: 
Are you more interested in activities that produce something tangible, or are you looking for something more focused on learning/entertainment? Also, do you prefer solo activities or would you be doing this with someone else?

[USER]: I've been thinking about getting into riding horses. It seems like such a fun hobby to do during the weekends. Any advice on how to get started?

[ASSISTANT]: I notice quite a shift from your previous situations - from apartment living and allergies to considering horse ownership! Before offering specific advice, I should point out that this would be a significant change from your current living situation. Horse ownership requires:

Substantial Resources:
- Large property or boarding fees
- High ongoing costs for feed, vet care, and equipment
- Significant time commitment (daily care required)
- Proper facilities and land

Given your earlier mentions of apartment living and allergies, I have some questions:
1. Have you considered how this would work with your current living situation?
2. Do you have experience with horses?
3. Have you checked if your allergies extend to horses?

Before diving in, you might want to:
- Take riding lessons first
- Volunteer at a stable
- Research local boarding options and costs
- Spend time around horses to test for allergies

Would you like to explore any of these preliminary steps first?

[USER]: I hadn't considered that horses could trigger my allergies because they have pet dander too. Good catch! I'm so sad about that, it looked like such an interesting activity. Speaking of being sad, I've noticed some of my plants aren't doing so well. They're developing spots on the leaves, and I'm not sure what's causing it. Do you have any idea what might be happening?","[USER]: 嘿，我最近开始在我的公寓阳台上进行城市园艺。我真的很兴奋，因为我开始种植一些稀有的传家宝西红柿。有限的空间有点挑战，但我试图通过容器园艺充分利用它。你尝试过这样的事情吗？

[ASSISTANT]: 虽然我不能亲自种植植物，因为我是人工智能，但我绝对可以帮助你进行城市容器园艺！在阳台上种植传家宝西红柿是一个令人兴奋的项目。您能告诉我更多关于您的阳台设置的信息吗？具体来说：

1. 您的阳台有多少小时的直射阳光？
2. 您打算使用什么尺寸的容器？
3. 您对种植哪些传家宝番茄品种感兴趣？

这些信息将帮助我针对您的情况提供更具体的建议。一般来说，西红柿需要至少 6 小时的直射阳光和相当大的容器（至少 5 加仑）才能茁壮成长。传家宝品种的种植特别有价值，尽管有些品种可能会变得很大，因此为您的空间选择合适的品种非常重要。

[USER]: 我也许可以种植更多的品种。我听说城里正在规划一个新的社区中心和一个社区花园。您如何看待这些项目及其对当地社区的影响？

[ASSISTANT]: 我的目标是对社区中心提供一个平衡的观点，但我应该指出，我不能就此类问题提供个人意见。相反，我可以讨论社区中心通常对当地区域产生的一般影响：

常见的好处包括：
- 创造社交互动和社区聚会的空间
- 为教育项目和课程提供场地
- 为青少年和成人提供娱乐设施
- 在需要时作为紧急避难所
- 可能增加周边地区的房产价值

潜在的挑战可能包括：
- 初始建设成本和持续维护费用
- 当地交通可能增加
- 需要足够的停车位
- 可能影响当地预算的运营成本

您想更多地了解社区中心的任何具体方面，例如他们提供的典型项目或他们通常如何资助？另外，您有关于您所在城市规划的社区中心的任何具体信息吗？

[USER]: 你知道，如果社区中心得不到批准，我一直在考虑收养一只大狗作伴。对于在公寓环境中管理此类宠物，您有什么建议吗？

[ASSISTANT]: 这是一个很好的问题！在公寓里管理一只大型犬需要仔细计划。我可以帮助您思考一些关键考虑因素：

锻炼和空间管理：
- 大型犬需要定期锻炼 - 您是否靠近公园或步行道？
- 你能承诺每天多次散步吗？
- 您有空间容纳大型狗床和狗笼吗？

公寓特定注意事项：
- 您的公寓大楼有品种或面积限制吗？
- 是否有方便前往的户外区域供上厕所休息？
- 您住在底楼吗？或者您的狗需要使用楼梯/电梯吗？

在提出具体建议之前，您能告诉我：
1. 您通常每天离开家几个小时？
2. 您的活动水平/锻炼习惯是什么？
3. 您有什么特定的品种吗？

这将有助于我针对您的情况提供更有针对性的建议。另外，您是否考虑过在当地的收容所与一些大型犬会面，感受不同的性格和能量水平？

[USER]: 事实上，我只是想起来我对宠物皮屑很过敏。也许养一只大狗毕竟不是最好的主意。

[ASSISTANT]: 啊，这绝对是一个重要的考虑因素！考虑到您的过敏症，大型狗可能不是最适合的，您可能是对的。但是，如果您仍然有兴趣养宠物，您可能需要考虑以下几种选择：

低过敏性狗：
- 虽然没有一种狗是 100% 无过敏原，但贵宾犬、马尔济斯犬或葡萄牙水犬等品种往往更适合过敏患者
- 这些品种脱毛较少，产生的皮屑也较少

其他宠物选择：
- 鱼可以成为很棒的宠物，而且不会引发过敏
- 像胡须龙或豹纹壁虎这样的爬行动物是不会过敏的
- 鸟类可能是一个选择，尽管有些人可能对它们的羽毛过敏

您想探索这些替代选择吗？或者您是否更愿意专注于寻找其他与动物互动的方式，而家里却没有动物，例如穿着防护装备在庇护所做志愿者？

[USER]: 我不喜欢鱼、爬行动物或鸟类作为宠物。由于养宠物不是一个选择，所以我想在周末在家找一些有趣的事情做。对于在小公寓中有趣的项目或活动，您有什么建议吗？

[ASSISTANT]: 绝对地！您可以尝试许多引人入胜的室内活动。根据不同的兴趣，以下是一些建议：

创意项目：
- 启动数字绘画套件
- 尝试折纸
- 学习手写字体或书法
- 创建剪贴簿或相册

厨房历险记：
- 尝试从头开始烤面包
- 学习制作寿司
- 尝试发酵（如康普茶或泡菜）
- 尝试你以前从未做过的新菜肴

室内爱好：
- 建立一个室内药草园（那里不会过敏！）
- 学习编织或钩编
- 尝试解谜
- 开始冥想练习

为了帮助缩小范围： 
您是否对产生有形事物的活动更感兴趣，或者您是否正在寻找更专注于学习/娱乐的活动？另外，您更喜欢单独活动还是与其他人一起进行？

[USER]: 我一直在考虑骑马。在周末做这似乎是一个很有趣的爱好。关于如何开始有什么建议吗？

[ASSISTANT]: 我注意到您之前的情况发生了很大的转变 - 从公寓生活和过敏到考虑养马！在提供具体建议之前，我应该指出，这将是您当前生活状况的重大变化。马匹所有权要求：

大量资源：
- 大额财产或寄宿费
- 饲料、兽医护理和设备的持续成本高昂
- 投入大量时间（需要日常护理）
- 适当的设施和土地

鉴于您之前提到的公寓生活和过敏，我有一些问题：
1. 您是否考虑过这与您目前的生活状况有何关系？
2. 你有养马的经验吗？
3. 您是否检查过您的过敏症是否延伸到了马？

在深入之前，您可能需要：
- 首先参加骑马课程
- 在马厩做志愿者
- 研究当地寄宿选择和费用
- 花时间在马周围测试是否过敏

您想首先探索这些预备步骤中的任何一个吗？

[USER]: 我没有想到马会引发我的过敏，因为它们也有宠物皮屑。好捕获！我对此感到非常难过，这看起来是一项很有趣的活动。说到悲伤，我注意到我的一些植物长得不太好。它们的叶子上出现了斑点，我不确定是什么原因造成的。你知道会发生什么吗？",,,,,
6765f1c80960c015f806a7c1_zh_full,3,"[USER]: I recently had a midterm exam for my Estates course in law school, and I had the third-highest score in the entire class! I hadn't done very well on other Estates assignments this semester, so this was quite a surprise! This time around, I watched lesson recap videos on Canvas, which I now have for all of my law school classes, and I think that watching them helped me in regard to retaining information about the subject.

[ASSISTANT]: That's fantastic news! It's great to hear that your hard work and new study strategy paid off. Utilizing lesson recap videos is a smart way to reinforce your understanding of the material. It's also a good reminder that everyone has their own unique learning style and what works for others may not work for you. It's important to find what study methods work best for you. Congratulations on your success, and keep up the good work!

[USER]: Next week, I have my last midterm of the semester, and of law school overall! The midterm is for my Copyright Law class. We've gone over a few common-law cases in our textbooks, but most of the material on this exam is based on Title 17 of the United States Code. What are some methods of studying that you would recommend for me, regarding the Copyright Law midterm?","[USER]: 最近我法学院的房地产课程期中考试，我的成绩是全班第三！这学期我在其他庄园作业上做得不太好，所以这真是一个惊喜！这一次，我在 Canvas 上观看了课程回顾视频，现在我所有的法学院课程都有这些视频，我认为观看它们有助于我保留有关该主题的信息。

[ASSISTANT]: 这真是个好消息！很高兴听到你的努力和新的学习策略得到了回报。利用课程回顾视频是加强您对材料的理解的明智方法。这也是一个很好的提醒，每个人都有自己独特的学习风格，对其他人有效的方法可能不适用于你。找到最适合你的学习方法很重要。祝贺您取得成功，并继续努力！

[USER]: 下周，我将迎来本学期以及法学院的最后一次期中考试！期中考试是我的版权法课。我们在教科书中复习了一些普通法案例，但本次考试的大部分材料都是基于《美国法典》第 17 章。关于著作权法期中考试，您会向我推荐哪些学习方法？",,,,,
67456857ce39067956b7f7c4_zh_full,7,"[USER]: My friend and I attended the International Travel Expo last weekend. The event was so full that the hotel vouchers were easily sold out! We'll try our luck again next weekend, as we really want to get some of those vouchers! Has travel already returned to pre-pandemic levels?

[ASSISTANT]: While travel has significantly recovered since the beginning of the pandemic, it has not yet returned to pre-pandemic levels in most regions. The recovery has been uneven across different countries and types of travel. Leisure travel has generally rebounded faster than business travel. However, the crowded International Travel Expo you attended suggests that there is a strong interest in travel, and the industry is gradually recovering. It's great that you're planning to try your luck again next weekend for the hotel vouchers.

[USER]: Are there any options for finding the best deals on hotel rates, promos, and vouchers? We'd really love to spend a staycation in a beautiful beach resort to unwind from a hectic week.

[ASSISTANT]: Yes, there are several ways to find the best deals on hotel rates, promos, and vouchers. Here are some tips:

1. Check hotel websites: Many hotels offer exclusive deals and discounts on their own websites. Sign up for their newsletters or loyalty programs to receive notifications about special offers.
2. Use travel booking websites: Websites like Expedia, Booking.com, and Hotels.com offer a wide range of deals and discounts on hotels. You can compare prices and read reviews from other travelers.
3. Look for last-minute deals: If you're flexible with your travel dates, you can often find great deals on hotels by booking last-minute. Many hotels offer discounts to fill up empty rooms.
4. Consider off-peak travel: Traveling during the off-peak season can save you a lot of money on hotels. Prices are usually lower, and there are often special deals and promotions.
5. Use hotel vouchers: If you have hotel vouchers, make sure to use them before they expire. You can often find great deals on hotel vouchers at travel expos or through online marketplaces.

For a beautiful beach resort staycation, you can check out websites like TripAdvisor or Travel + Leisure for recommendations on the best resorts in your desired location. You can also search for beach resort packages on travel booking websites or directly on hotel websites.

[USER]: Are taxes already included if we book our accommodation via Booking.com and Agoda? Can we pay via debit card or is credit card mandatory?

[ASSISTANT]: When booking accommodation through Booking.com and Agoda, taxes are usually included in the total price displayed. However, it's always a good idea to double-check the details of your booking to confirm what is included in the price. Some hotels may charge additional fees for services like parking or Wi-Fi, so be sure to read the fine print.

Both Booking.com and Agoda accept various payment methods, including debit cards and credit cards. However, some hotels may require a credit card for booking or for a security deposit. If you don't have a credit card, you can check with the hotel directly to see if they accept other forms of payment. It's always a good idea to confirm the payment requirements before making a reservation.

[USER]: Great, I'll be installing these apps on my phone so I can compare if booking via mobile apps is cheaper. I'm also planning to do a general cleaning and host a family lunch next weekend. Can you organize my things to do so I make sure I don't forget something?","[USER]: 上周末我和朋友参加了国际旅游博览会。活动现场人满为患，酒店券很容易就被抢购一空！下周末我们将再次碰碰运气，因为我们真的很想得到一些优惠券！出行是否已经恢复到大流行前的水平？

[ASSISTANT]: 尽管自大流行开始以来旅行已显着恢复，但大多数地区尚未恢复到大流行前的水平。不同国家和不同旅行类型的复苏情况并不均衡。休闲旅行的反弹速度普遍快于商务旅行。但从您参加的国际旅博会人头攒动，可以看出人们对旅游的兴趣浓厚，行业正在逐步复苏。很高兴您计划下周末再次碰碰运气以获得酒店优惠券。

[USER]: 是否有任何方法可以找到最优惠的酒店价格、促销和优惠券？我们真的很想在美丽的海滩度假胜地度过一个假期，从忙碌的一周中放松一下。

[ASSISTANT]: 是的，有多种方法可以找到最优惠的酒店价格、促销和优惠券。以下是一些提示：

1.查看酒店网站：许多酒店在自己的网站上提供独家优惠和折扣。注册他们的时事通讯或忠诚度计划以接收有关特别优惠的通知。
2. 使用旅行预订网站：Expedia、Booking.com 和 Hotels.com 等网站提供各种酒店优惠和折扣。您可以比较价格并阅读其他旅行者的评论。
3. 寻找最后一刻优惠：如果您的旅行日期灵活，您通常可以在最后一刻预订找到超值酒店优惠。许多酒店提供折扣以填补空房间。
4.考虑淡季出行：淡季出行可以节省不少酒店费用。价格通常较低，并且经常有特别优惠和促销活动。
5. 使用酒店优惠券：如果您有酒店优惠券，请务必在过期前使用。您经常可以在旅游博览会或在线市场上找到超值酒店优惠券。

如果想要享受美丽的海滩度假胜地住宿体验，您可以访问 TripAdvisor 或 Travel + Leisure 等网站，获取有关您想要的地点的最佳度假胜地的建议。您还可以在旅行预订网站或直接在酒店网站上搜索海滩度假套餐。

[USER]: 如果我们通过 Booking.com 和 Agoda 预订住宿，是否已包含税费？我们可以通过借记卡付款还是必须使用信用卡？

[ASSISTANT]: 通过 Booking.com 和 Agoda 预订住宿时，税费通常包含在显示的总价中。不过，最好仔细检查您的预订详细信息，以确认价格中包含的内容。有些酒店可能会对停车或 Wi-Fi 等服务收取额外费用，因此请务必阅读细则。

Booking.com 和 Agoda 均接受多种付款方式，包括借记卡和信用卡。但是，某些酒店可能需要信用卡才能预订或支付押金。如果您没有信用卡，您可以直接与酒店联系，了解他们是否接受其他付款方式。在预订之前确认付款要求总是一个好主意。

[USER]: 太好了，我将在手机上安装这些应用程序，这样我就可以比较通过移动应用程序预订是否更便宜。我还计划在下周末进行全面清洁并举办家庭午餐。你能帮我安排一下要做的事情，这样我就不会忘记什么吗？",,,,,
67456856fadca0e416e9e85e_zh_full,5,"[USER]: I'm organizing a film festival and would love your help. Please reply to all my questions in the format of a bulleted list for the entire conversation. All film recommendations also need to be appropriate for a general audience, so please never recommend any films with UK age ratings of 15 or 18.

[ASSISTANT]: I'd be happy to help you organize your film festival! Here are my responses to your questions in a bulleted list format:

* For a family-friendly film festival, I would recommend the following films:
  * ""The Lion King"" (1994) - a classic animated film about a young lion who must overcome adversity to become king.
  * ""E.T. the Extra-Terrestrial"" (1982) - a heartwarming story about a young boy who befriends an alien stranded on Earth.
  * ""Inside Out"" (2015) - a Pixar film that explores the emotions of a young girl as she navigates a big move to a new city.
  * ""The Princess Bride"" (1987) - a comedic adventure film about a young woman who must be rescued from an evil prince.
  * ""The Incredibles"" (2004) - a superhero film about a family of superheroes who must come out of retirement to save the world.
* To promote the film festival, you can:
  * Create a website or social media page to share information about the festival, including the schedule, ticket prices, and film descriptions.
  * Reach out to local media outlets, such as newspapers and radio stations, to get coverage for the festival.
  * Partner with local businesses to offer discounts or promotions for festival attendees.
  * Host a launch event or press conference to generate buzz and excitement for the festival.
* To ensure the film festival runs smoothly, you should:
  * Create a detailed schedule and timeline for the festival, including setup and teardown times.
  * Hire a team of volunteers to help with various tasks, such as ticket sales, ushering, and technical support.
  * Test all equipment, such as projectors and sound systems, before the festival begins.
  * Have a backup plan in case of inclement weather or other unexpected issues.
* To make the film festival more interactive and engaging, you can:
  * Host Q\&A sessions with filmmakers or actors after screenings.
  * Organize panel discussions or workshops on topics related to filmmaking.
  * Create a photo booth or other interactive displays for attendees to enjoy.
  * Offer prizes or giveaways for attendees who participate in trivia contests or other games.



[USER]: Your film suggestions sound appropriate. Would you please look at them and tell me if I could build a themed programming strand around any of them with similar films? What films would you suggest?

[ASSISTANT]: Certainly! Here are some themed programming strands that you could build around the films I suggested:

* ""Animated Classics"" - This strand could include other classic animated films, such as ""Beauty and the Beast"" (1991), ""Aladdin"" (1992), and ""Toy Story"" (1995).
* ""Family Adventure"" - This strand could include other family-friendly adventure films, such as ""The Goonies"" (1985), ""The NeverEnding Story"" (1984), and ""The Chronicles of Narnia: The Lion, the Witch and the Wardrobe"" (2005).
* ""Heartwarming Stories"" - This strand could include other heartwarming films, such as ""Forrest Gump"" (1994), ""The Pursuit of Happyness"" (2006), and ""The Blind Side"" (2009).
* ""Superhero Films"" - This strand could include other superhero films, such as ""Spider-Man"" (2002), ""The LEGO Batman Movie"" (2017), and ""The Incredibles 2"" (2018).

Here are some additional film suggestions for each strand:

* ""Animated Classics"": 
  * ""The Little Mermaid"" (1989)
  * ""Mulan"" (1998)
  * ""Finding Nemo"" (2003)
* ""Family Adventure"": 
  * ""Holes"" (2003)
  * ""The Spiderwick Chronicles"" (2008)
  * ""The Karate Kid"" (2010)
* ""Heartwarming Stories"": 
  * ""A Beautiful Mind"" (2001)
  * ""The Help"" (2011)
  * ""Hidden Figures"" (2016)
* ""Superhero Films"": 
  * ""Iron Man"" (2008)
  * ""Captain America: The First Avenger"" (2011)
  * ""Black Panther"" (2018)

[USER]: I think a historical programming strand with some associated educational aspects could be interesting. Please recommend some historical films that showcase diverse cultures and time periods?","[USER]: 我正在组织一个电影节，希望得到您的帮助。请以项目符号列表的形式回答我整个对话中的所有问题。所有电影推荐也需要适合普通观众，因此请勿推荐任何英国年龄分级为 15 或 18 岁的电影。

[ASSISTANT]: 我很乐意帮助您组织电影节！以下是我以项目符号列表格式对您的问题的答复：

* 对于适合家庭观看的电影节，我推荐以下电影：
  * 《狮子王》(1994) - 一部经典动画电影，讲述了一只年轻狮子必须克服逆境成为国王的故事。
  * 《E.T. 外星人》(1982) - 一个关于一个小男孩与一名滞留在地球的外星人成为朋友的温馨故事。
  * 《头脑特工队》(2015) - 一部皮克斯电影，探讨了一个年轻女孩在搬到新城市时的情感。
  *《公主新娘》(1987) - 一部喜剧冒险电影，讲述了一名年轻女子必须从邪恶王子手中被救出的故事。
  * 《超人总动员》 (2004) - 一部超级英雄电影，讲述了一个超级英雄家庭必须复出拯救世界的故事。
* 为了宣传电影节，您可以：
  * 创建一个网站或社交媒体页面来分享有关电影节的信息，包括时间表、票价和电影描述。
  * 联系当地媒体，例如报纸和广播电台，以获得有关节日的报道。
  * 与当地企业合作，为节日参加者提供折扣或促销。
  * 举办发布会或新闻发布会，为节日营造热闹气氛。
* 为保证电影节顺利进行，您应该：
  * 为节日制定详细的时间表和时间表，包括设置和拆除时间。
  * 聘请志愿者团队来帮助完成各种任务，例如门票销售、引导和技术支持。
  * 在节日开始之前测试所有设备，例如投影仪和音响系统。
  * 制定备用计划，以防恶劣天气或其他意外问题。
* 为了让电影节更具互动性和吸引力，您可以：
  * 放映后与电影制片人或演员举行问答环节。
  * 组织与电影制作相关主题的小组讨论或研讨会。
  * 创建照相亭或其他互动展示供与会者欣赏。
  * 为参加问答比赛或其他游戏的参与者提供奖品或赠品。

[USER]: 你的电影建议听起来很合适。您能看一下它们并告诉我是否可以围绕它们中的任何一个制作类似电影的主题节目链吗？您会推荐哪些电影？

[ASSISTANT]: 当然！以下是一些您可以围绕我建议的电影构建的主题编程链：

*“经典动画” - 该系列可能包括其他经典动画电影，例如“美女与野兽”（1991 年）、“阿拉丁”（1992 年）和“玩具总动员”（1995 年）。
*“家庭冒险” - 该系列可能包括其他适合家庭观看的冒险电影，例如“七宝奇谋”（1985 年）、“永无止境的故事”（1984 年）和“纳尼亚传奇：狮子、女巫和魔衣橱”（2005 年）。
*“暖心故事” - 该系列可能包括其他暖心电影，例如《阿甘正传》（1994 年）、《当幸福来敲门》（2006 年）和《弱点》（2​​009 年）。
*“超级英雄电影” - 该系列可能包括其他超级英雄电影，例如“蜘蛛侠”（2002 年）、“乐高蝙蝠侠电影”（2017 年）和“超人总动员 2”（2018 年）。

以下是针对每条线索的一些额外电影建议：

*《动画经典》： 
  *《小美人鱼》(1989)
  *《花木兰》(1998)
  *《海底总动员》（2003）
*“家庭冒险”： 
  *《洞》（2003）
  *《蜘蛛侠编年史》（2008）
  *《空手道小子》(2010)
*“暖心故事”： 
  *《美丽心灵》(2001)
  *《帮助》（2011）
  *《隐藏人物》（2016）
*“超级英雄电影”： 
  *《钢铁侠》(2008)
  *《美国队长：复仇者先锋》（2011）
  *《黑豹》(2018)

[USER]: 我认为历史节目与一些相关的教育方面可能会很有趣。请推荐一些展示不同文化和时期的历史电影？",,,,,
674567d1566ef69fc11fd851_zh_full,7,"[USER]: Last semester, I had a great experience working with my colleague Ms. Thompson. We organized guest speakers who were war veterans to share their firsthand accounts with the students. It was amazing to see how engaged the students were and how it brought history to life for them.

[ASSISTANT]: That sounds like a wonderful educational experience! Bringing in veterans as guest speakers is an excellent way to make history more tangible and personal for students. I can imagine how hearing firsthand accounts would create much deeper connections to the material than textbooks alone.

Would you mind sharing more about how you and Ms. Thompson organized this? For example:
- How did you find and connect with the veterans?
- What grade level were the students?
- Did you prepare the students with specific background knowledge beforehand?

This could be valuable information for other educators looking to create similar meaningful experiences for their students.

[USER]: We connected with the veterans through a local veterans' association, and the students were high school juniors. We prepared them with sessions on the relevant historical periods beforehand. Now, I'm planning a new project on the history of technology and industrialization. I'm considering collaborating with Mr. Davis from the science department to integrate historical and scientific perspectives. Any thoughts on how to approach this?

[ASSISTANT]: That's a fantastic idea to collaborate across disciplines! The intersection of history and science in the context of industrialization offers so many rich learning opportunities. Here are some suggestions for your collaboration with Mr. Davis:

1. Potential Focus Areas:
- The evolution of power sources (steam, electricity, nuclear)
- Industrial Revolution innovations and their scientific principles
- Environmental impact of industrialization
- Communication technology development
- Transportation advances

2. Interactive Activities:
- Have students recreate simple historical experiments
- Build working models of basic machines
- Compare historical and modern manufacturing processes
- Analyze primary sources like patents and inventors' journals

3. Project Ideas:
- Timeline projects showing parallel developments in science and society
- Case studies of specific inventions and their historical impact
- Student presentations on inventor-scientist pairs who changed history

Would you be teaching concurrent units, or are you thinking of a specific timeframe for this collaboration? Also, what aspects of technology and industrialization most interest your students?

[USER]: In the past, I also collaborated with Ms. Lee from the art department to organize a historical art exhibition. It was a great way to integrate art and history, and the students were deeply engaged. I'm hoping to blend insights from both past projects into the upcoming collaboration with Mr. Davis. Do you have any suggestions on how to integrate these experiences into the new project on technology and industrialization?

[ASSISTANT]: Absolutely! Your previous experiences with both the veterans project and the art exhibition offer valuable elements that could enhance this new collaboration. Here's how you might blend these approaches:

1. Visual Arts Integration (drawing from Ms. Lee collaboration):
- Students could create technical drawings of historical machines
- Design infographics showing the evolution of specific technologies
- Create artistic interpretations of industrial landscapes
- Document technological changes through photography or digital art
- Curate a museum-style exhibition combining historical artifacts, scientific explanations, and artistic interpretations

2. Personal Narratives (inspired by the veterans project):
- Invite retired industry workers or engineers to share their experiences
- Connect with local factory workers who witnessed technological transitions
- Have students interview family members about technological changes they've experienced in their lifetimes
- Document oral histories of local industrial development

3. Combined Approach:
- Create a multimedia exhibition that includes:
  * Scientific demonstrations
  * Artistic representations
  * Recorded interviews
  * Interactive displays
  * Historical documentation

Would you be interested in involving Ms. Lee in this project as well, making it a three-way collaboration? This could create an even richer interdisciplinary experience.

[USER]: I appreciate your suggestions. I am excited about the new things that are coming up. I would love to involve Ms. Lee in this project. Could you write a proposal for a collaboration? Something that involves veterans, the arts and science, and can help raise funds for students who can't afford to visit colleges. We try to arrange group visits, but parents aren't always able to pay. The school isn't exactly flush with cash and I think it will be a good way to provide the opportunity for more students. What can each person that I worked with bring to the table for a cohesive event?","[USER]: 上学期，我与同事汤普森女士一起工作，经历了一段美好的经历。我们组织了退伍军人作为演讲嘉宾，与学生们分享他们的第一手资料。看到学生们的参与程度以及它如何为他们带来历史，真是令人惊奇。

[ASSISTANT]: 这听起来是一次美妙的教育经历！邀请退伍军人作为演讲嘉宾是让历史对学生来说更加具体和个性化的绝佳方式。我可以想象，与单独的教科书相比，聆听第一手资料将如何与材料建立更深层次的联系。

您介意更多地分享一下您和汤普森女士是如何组织这次活动的吗？例如：
- 您是如何找到退伍军人并与退伍军人建立联系的？
- 学生的年级是多少？
- 您是否事先为学生准备了特定的背景知识？

对于其他希望为学生创造类似的有意义的体验的教育工作者来说，这可能是有价值的信息。

[USER]: 我们通过当地退伍军人协会与退伍军人建立联系，学生是高中生。我们事先为他们准备了相关历史时期的课程。现在，我正在计划一个关于技术和工业化历史的新项目。我正在考虑与科学系的戴维斯先生合作，将历史和科学的观点结合起来。关于如何解决这个问题有什么想法吗？

[ASSISTANT]: 跨学科合作真是一个绝妙的主意！工业化背景下历史与科学的交叉提供了许多丰富的学习机会。以下是您与戴维斯先生合作的一些建议：

1. 潜在的重点领域：
- 能源的演变（蒸汽、电力、核能）
- 工业革命的创新及其科学原理
- 工业化对环境的影响
- 通讯技术开发
- 交通运输的进步

2、互动活动：
- 让学生重现简单的历史实验
- 建立基本机器的工作模型
- 比较历史和现代制造工艺
- 分析专利和发明人期刊等主要来源

3. 项目构想：
- 显示科学和社会并行发展的时间表项目
- 具体发明及其历史影响的案例研究
- 学生介绍改变历史的发明家-科学家对

您是否会教授并行单元，或者您是否正在考虑此次合作的具体时间范围？另外，您的学生对技术和工业化的哪些方面最感兴趣？

[USER]: 以前我还和艺术系的李老师合作过一个历史艺术展。这是将艺术与历史融为一体的好方法，学生们都非常投入。我希望将过去两个项目的见解融入到即将与戴维斯先生的合作中。您对如何将这些经验融入到新的科技和产业化项目中有何建议？

[ASSISTANT]: 绝对地！您之前参与退伍军人项目和艺术展览的经验提供了宝贵的元素，可以增强这种新的合作。以下是混合这些方法的方法：

1. 视觉艺术整合（取自Lee女士合作）：
- 学生可以创建历史机器的技术图纸
- 设计信息图表显示特定技术的演变
- 对工业景观进行艺术诠释
- 通过摄影或数字艺术记录技术变革
- 策划结合历史文物、科学解释和艺术诠释的博物馆式展览

2. 个人叙述（受退伍军人项目启发）：
- 邀请退休行业工人或工程师分享经验
- 与见证技术变革的当地工厂工人建立联系
- 让学生采访家庭成员，了解他们一生中经历过的技术变革
- 记录当地工业发展的口述历史

3. 组合方法：
- 创建一个多媒体展览，其中包括：
  * 科学演示
  * 艺术表现形式
  * 采访录音
  * 互动展示
  * 历史文献

您是否有兴趣让李女士也参与这个项目，使其成为三方合作？这可以创造更丰富的跨学科经验。

[USER]: 我很欣赏你的建议。我对即将出现的新事物感到兴奋。我很想让李女士参与这个项目。您能写一份合作提案吗？涉及退伍军人、艺术和科学的事物，可以帮助为无力上大学的学生筹集资金。我们尝试安排团体参观，但家长并不总是能够支付费用。学校的现金并不充裕，我认为这将是为更多学生提供机会的好方法。与我共事的每个人可以为一场有凝聚力的活动带来什么？",,,,,
674567d0b9d767170e9698b3_zh_full,7,"[USER]: Hey there! I recently tried cooking a new recipe, but it didn't turn out as expected. Halfway through, I realized that it had mushrooms and tomatoes in it, which I couldn't stand, it's the same as pasta, hate the stuff. Have you ever had a cooking mishap like that?

[ASSISTANT]: I'm sorry to hear that your recipe didn't turn out as expected. As a assistant, I don't have personal experiences, but I can certainly empathize with your situation. Cooking mishaps are quite common, especially when trying new recipes. It's always a good idea to read through the entire recipe before starting to cook to ensure you have all the ingredients and that you're comfortable with them. If you come across ingredients you don't like, you can often substitute them with something else. For example, if you don't like mushrooms, you could use bell peppers or zucchini instead. If you don't like tomatoes, you could use a different sauce base. However, for pasta, it might be a bit tricky to find a substitute if you don't like it at all. You could try different types of pasta or even consider alternatives like zucchini noodles or spaghetti squash.

[USER]: it's not tomatoes themselves, I'm just not really into tomato flavors, yet I love dishes with rich, complex flavors. I've been thinking about trying my hand at some Moroccan cooking. Have you tried any Moroccan dishes?

[ASSISTANT]: Moroccan cuisine is known for its rich, complex flavors, so it sounds like a great choice for you! It often features a blend of spices like cumin, coriander, cinnamon, and paprika, along with ingredients like dried fruits, nuts, and preserved lemons. Some popular Moroccan dishes include tagine (a slow-cooked stew made with meat, vegetables, and spices), couscous (a type of pasta made from semolina flour, often served with stewed meat and vegetables), and pastilla (a savory pie made with layers of phyllo dough, meat, and spices). If you're new to Moroccan cooking, you might want to start with a simple tagine recipe and then gradually try more complex dishes as you become more comfortable with the flavors and techniques.

[USER]: With the weather being so lovely lately, I've decided to switch gears and plan a picnic instead of a dinner. Do you have any ideas for dishes that would be perfect for an outdoor picnic? 


[ASSISTANT]: Picnics are a great way to enjoy the outdoors and good food! Here are a few ideas for dishes that would be perfect for a picnic:

1. Sandwiches or wraps: These are easy to make and transport, and can be filled with a variety of ingredients like deli meats, cheeses, vegetables, and spreads.
2. Rice salad: A cold rice salad made with vegetables, cheese, and a vinaigrette dressing is a refreshing and filling option.
3. Quiche or frittata: These can be made ahead of time and served at room temperature, or cold. You can add in your favorite vegetables, meats, and cheeses.
4. Fruit salad: A mix of fresh fruits like berries, grapes, and melon is a light and refreshing option.
5. Chips and dip: Classic potato chips or pita chips with hummus or guacamole make a great snack.
6. Cookies or brownies: These are easy to transport and make a great dessert.
7. Lemonade or iced tea: These are refreshing drinks that can be made ahead of time and transported in a thermos or jug.

[USER]: I've been thinking it might be fun to sign up for a group cooking class with some friends. Do you have any suggestions for a type of cuisine or a specific class that would be enjoyable and engaging for everyone?","[USER]: 嘿！我最近尝试烹饪新食谱，但结果并没有达到预期。吃到一半，我发现里面有蘑菇和西红柿，我受不了，和意大利面一样，讨厌那些东西。你有过这样的烹饪事故吗？

[ASSISTANT]: 得知你的食谱没有达到预期效果，我感到很遗憾。作为一名助理，我没有亲身经历，但我当然能理解你的处境。烹饪事故很常见，尤其是在尝试新食谱时。在开始烹饪之前阅读整个食谱总是一个好主意，以确保您拥有所有原料并且您对它们感到满意。如果您遇到不喜欢的配料，通常可以用其他东西代替。例如，如果您不喜欢蘑菇，可以用青椒或西葫芦代替。如果你不喜欢西红柿，你可以使用不同的酱料。然而，对于面食来说，如果你根本不喜欢它，找到替代品可能会有点困难。您可以尝试不同类型的面食，甚至可以考虑西葫芦面条或意大利面南瓜等替代品。

[USER]: 这不是西红柿本身，我只是不太喜欢西红柿的味道，但我喜欢味道丰富、复杂的菜肴。我一直在考虑尝试一下摩洛哥烹饪。你尝过摩洛哥菜吗？

[ASSISTANT]: 摩洛哥美食以其丰富、复杂的风味而闻名，所以这听起来是您的绝佳选择！它通常混合了小茴香、香菜、肉桂和辣椒粉等香料，以及干果、坚果和腌制柠檬等成分。一些受欢迎的摩洛哥菜肴包括塔吉锅（一种用肉、蔬菜和香料慢炖而成的炖菜）、粗麦粉（一种由粗面粉制成的意大利面，通常与炖肉和蔬菜一起食用）和帕斯蒂拉（一种由多层面团、肉和香料制成的美味馅饼）。如果您不熟悉摩洛哥烹饪，您可能想从简单的塔吉锅菜谱开始，然后随着您对风味和技术的适应而逐渐尝试更复杂的菜肴。

[USER]: 最近天气如此宜人，我决定换个方式，计划野餐而不是晚餐。您对适合户外野餐的菜肴有什么想法吗？

[ASSISTANT]: 野餐是享受户外活动和美食的好方法！以下是一些适合野餐的菜肴创意：

1. 三明治或卷饼：这些三明治或卷饼易于制作和运输，可以填充多种配料，如熟食肉类、奶酪、蔬菜和涂抹酱。
2.米饭沙拉：用蔬菜、奶酪和油醋汁制成的冷米饭沙拉是一种清爽又饱腹的选择。
3.乳蛋饼或菜肉馅煎蛋饼：这些可以提前制作并在室温或冷的情况下食用。您可以添加您最喜欢的蔬菜、肉类和奶酪。
4. 水果沙拉：浆果、葡萄、甜瓜等新鲜水果的混合，清淡爽口。
5. 薯片和蘸酱：经典的薯片或皮塔饼配上鹰嘴豆泥或鳄梨酱，是一种很棒的零食。
6.饼干或布朗尼蛋糕：这些很容易运输，是很棒的甜点。
7. 柠檬水或冰茶：这些是提神的饮料，可以提前制作并用保温瓶或水壶运输。

[USER]: 我一直在想和一些朋友一起报名参加集体烹饪班可能会很有趣。您对一种能让每个人都感到愉快且有吸引力的美食或特定课程有什么建议吗？",,,,,
6781aa5304333c7c6164afb4_zh_full,11,"[USER]: I'm going to New York for recording in September 2025 1st - 10th, what sort of clothes should I wear at that time of the year? We will be recording our album on all 10 days there


[ASSISTANT]: In New York, September is typically the beginning of autumn, with temperatures ranging from highs of around 75°F (24°C) to lows of around 60°F (15°C). However, it's always a good idea to check the weather forecast closer to your travel dates for the most accurate information.

Given that you'll be there for 10 days and will be recording, you'll want to pack comfortable clothing suitable for spending long hours in a studio. Here are some suggestions:

1. Layers: Pack a mix of short-sleeved and long-sleeved shirts, as well as light sweaters or cardigans. This will allow you to adjust your clothing based on the temperature, both indoors and outdoors.

2. Comfortable pants: Jeans, chinos, or other comfortable pants are a good choice. You might also want to pack a pair of sweatpants or joggers for extra comfort during long recording sessions.

3. Light jacket or raincoat: Depending on the weather forecast, you might want to pack a light jacket or raincoat for any outdoor activities or travel between your accommodation and the recording studio.

4. Comfortable shoes: Pack a pair of comfortable shoes suitable for walking around the city, as well as a pair of slippers or comfortable shoes to wear in the studio.

5. Accessories: Don't forget to pack accessories such as hats, scarves, and gloves, just in case the weather turns colder than expected.

6. Studio-appropriate clothing: If you're recording in a professional studio, you might want to pack some nicer clothing options, such as a collared shirt or blouse. However, comfort should still be your top priority.

[USER]: Should I have any concerns about the weathers effects on my guitars travelling there from Britain?

[ASSISTANT]: When traveling with guitars, it's important to take some precautions to protect them from damage, especially if you're traveling from a different climate. Here are some tips to help ensure your guitars arrive in New York safely:

1. Humidity: If you're traveling from a humid climate like Britain to a potentially drier climate like New York, it's important to protect your guitar from changes in humidity. Consider using a guitar humidifier to maintain the humidity level inside your guitar case.
2. Temperature: Extreme temperatures can also damage your guitar. If you're traveling in the summer, try to keep your guitar out of direct sunlight and avoid leaving it in a hot car. In the winter, keep your guitar away from cold drafts and sudden temperature changes.
3. Packing: Make sure your guitar is properly packed for travel. Use a sturdy case that provides good protection, and consider using additional padding such as bubble wrap or foam to protect your guitar from impact.
4. Air travel: If you're flying to New York, be aware that airlines have different policies regarding musical instruments. Some airlines allow you to bring your guitar as carry-on luggage, while others require you to check it as baggage. Make sure to check with your airline before you travel to avoid any surprises.
5. Insurance: Consider purchasing insurance for your guitar in case it is lost, stolen, or damaged during travel. This can provide peace of mind and help cover the cost of repairs or replacement.

By taking these precautions, you can help ensure that your guitars arrive in New York safely and in good condition, ready for your recording sessions.

[USER]: If I was to go to Texas this summer, should I bring a warm coat? I'm planning to go there from the 5th of June till the 13th.

[ASSISTANT]: Texas summers can be quite hot, with temperatures often reaching into the 90s and even 100s Fahrenheit (32-38°C) during the day. However, temperatures can drop in the evenings, especially in certain parts of the state.

If you're planning to be in Texas from June 5th to 13th, it's unlikely that you'll need a warm coat. However, it's always a good idea to check the weather forecast for the specific cities you'll be visiting, as temperatures can vary depending on the region.

In general, you'll want to pack lightweight, breathable clothing that will keep you cool in the hot summer weather. Consider packing items such as:

* Shorts or lightweight pants
* T-shirts or tank tops
* Lightweight dresses or skirts
* Sandals or comfortable walking shoes
* A hat or sunglasses to protect against the sun

If you're planning to be outdoors in the evenings, you might want to pack a light jacket or sweater, as temperatures can drop slightly after sunset. However, a heavy coat is unlikely to be necessary.

[USER]: Are there some recommendations you can give me for things to do in Austin? I'd also love to go and see the Dallas Cowboys play, they're my favorite team, how much would it be?

[ASSISTANT]: Austin is a vibrant city with plenty of things to see and do. Here are some recommendations for your visit:

1. Visit the Texas State Capitol: The Texas State Capitol is a beautiful building with a rich history. You can take a guided tour or explore on your own.
2. Explore the outdoors: Austin is known for its outdoor activities. You can hike the Barton Creek Greenbelt, rent a kayak or paddleboard on Lady Bird Lake, or visit Zilker Park.
3. Check out the music scene: Austin is known as the ""Live Music Capital of the World."" You can catch live music at venues like the Continental Club, Antone's, or the Moody Theater.
4. Visit the Blanton Museum of Art: The Blanton Museum of Art is a world-class art museum with a collection that spans from ancient Greek pottery to contemporary art.
5. Try the food: Austin is known for its food scene. You can try barbecue at Franklin Barbecue, tacos at Veracruz All Natural, or ramen at Ramen Tatsu-Ya.

If you're a fan of the Dallas Cowboys, you might want to catch a game while you're in Texas. Ticket prices can vary depending on the game and the seating, but you can expect to pay anywhere from $50 to several hundred dollars per ticket. Keep in mind that tickets for popular games or seats with better views will be more expensive. You can check the Dallas Cowboys website for more information on ticket prices and availability.

[USER]: Is there another state close by to Texas that I could visit that has interesting things to see?

[ASSISTANT]: Yes, there are several states close to Texas that offer interesting things to see and do. Here are a few options:

1. New Mexico: New Mexico is located to the west of Texas and is known for its stunning natural beauty, including the White Sands National Park, Carlsbad Caverns, and the Gila National Forest. You can also explore the state's rich cultural history by visiting the Taos Pueblo, the Georgia O'Keeffe Museum, and the Santa Fe Plaza.
2. Oklahoma: Oklahoma is located to the north of Texas and offers a variety of attractions, including the Oklahoma City National Memorial & Museum, the Philbrook Museum of Art, and the Wichita Mountains Wildlife Refuge. You can also explore the state's Native American history by visiting the Chickasaw Cultural Center or the Cherokee Heritage Center.
3. Louisiana: Louisiana is located to the east of Texas and is known for its unique culture, food, and music. You can visit the French Quarter in New Orleans, explore the bayous and swamps, or attend a jazz festival. Other popular attractions include the National WWII Museum and the Oak Alley Plantation.
4. Arkansas: Arkansas is located to the northeast of Texas and offers a variety of outdoor activities, including hiking, fishing, and camping. You can also visit the Crystal Bridges Museum of American Art, the Clinton Presidential Library, or the Hot Springs National Park.

[USER]: What are some fun things to do in New York City?","[USER]: 我将于2025年9月1日至10日去纽约录制，一年中的那个时候我应该穿什么样的衣服？我们将在那里录制我们的专辑整整10天

[ASSISTANT]: 在纽约，九月通常是初秋，气温从最高约 75°F (24°C) 到最低约 60°F (15°C) 不等。不过，最好查看临近旅行日期的天气预报，以获得最准确的信息。

鉴于您将在那里待 10 天并进行录音，您需要携带适合在录音室长时间呆着的舒适衣服。以下是一些建议：

1. 多穿几层：搭配短袖和长袖衬衫，以及浅色毛衣或开衫。这将允许您根据室内和室外的温度调整衣服。

2.舒适的裤子：牛仔裤、斜纹棉布裤或其他舒适的裤子都是不错的选择。您可能还需要带一条运动裤或慢跑裤，以便在长时间录音时更加舒适。

3. 轻便夹克或雨衣：根据天气预报，您可能需要携带一件轻便夹克或雨衣以进行户外活动或往返于住宿和录音室之间。

4.舒适的鞋子：带一双适合在城市里散步的舒适鞋子，以及一双在工作室穿的拖鞋或舒适的鞋子。

5. 配饰：别忘了带上帽子、围巾、手套等配饰，以防天气比预期冷。

6.适合录音室的服装：如果您在专业录音室录音，您可能需要准备一些更好的服装选择，例如有领衬衫或衬衫。然而，舒适仍然应该是您的首要任务。

[USER]: 我应该担心天气对我从英国运到那里的吉他的影响吗？

[ASSISTANT]: 携带吉他旅行时，采取一些预防措施以保护吉他免受损坏非常重要，尤其是当您从不同的气候地区旅行时。以下是一些有助于确保您的吉他安全抵达纽约的提示：

1. 湿度：如果您从英国这样的潮湿气候前往纽约这样可能干燥的气候，保护您的吉他免受湿度变化的影响非常重要。考虑使用吉他加湿器来维持吉他盒内的湿度。
2. 温度：极端温度也会损坏您的吉他。如果您在夏季旅行，请尽量让吉他远离阳光直射，并避免将其留在炎热的汽车中。在冬天，让你的吉他远离冷风和突然的温度变化。
3. 包装：确保您的吉他妥善包装以方便旅行。使用坚固的琴盒提供良好的保护，并考虑使用气泡膜或泡沫等额外的衬垫来保护您的吉他免受撞击。
4. 航空旅行：如果您飞往纽约，请注意航空公司对于乐器有不同的政策。有些航空公司允许您将吉他作为随身行李携带，而其他航空公司则要求您将其作为行李托运。请务必在旅行前咨询您的航空公司，以避免出现任何意外。
5. 保险：考虑为你的吉他购买保险，以防吉他在旅行期间丢失、被盗或损坏。这可以让您高枕无忧，并有助于支付维修或更换的费用。

通过采取这些预防措施，您可以帮助确保您的吉他安全且状态良好地抵达纽约，为您的录音做好准备。

[USER]: 如果我今年夏天去德克萨斯州，我应该带一件保暖的外套吗？我计划从6月5日到13日去那里。

[ASSISTANT]: 德克萨斯州的夏季非常炎热，白天气温常常达到 90 华氏度甚至 100 华氏度（32-38°C）。然而，晚上气温可能会下降，尤其是在该州的某些地区。

如果您计划于 6 月 5 日至 13 日前往德克萨斯州，则不太可能需要一件保暖外套。不过，检查您将要访问的特定城市的天气预报总是一个好主意，因为温度可能会因地区而异。

一般来说，您需要携带轻便、透气的衣服，以便在炎热的夏季保持凉爽。考虑包装以下物品：

* 短裤或轻便长裤
* T恤或背心
* 轻便的连衣裙或裙子
* 凉鞋或舒适的步行鞋
* 帽子或太阳镜以防晒

如果您计划晚上去户外，您可能需要带一件轻便的夹克或毛衣，因为日落后气温会略有下降。然而，厚外套不太必要。

[USER]: 您能给我一些在奥斯汀可以做的事情的建议吗？我也很想去看看达拉斯牛仔队的比赛，他们是我最喜欢的球队，多少钱？

[ASSISTANT]: 奥斯汀是一座充满活力的城市，有很多景点和活动。以下是您访问的一些建议：

1.参观德克萨斯州议会大厦：德克萨斯州议会大厦是一座美丽的建筑，有着丰富的历史。您可以参加导游或自行探索。
2. 探索户外活动：奥斯汀以其户外活动而闻名。您可以在巴顿溪绿化带 (Barton Creek Greenbelt) 徒步旅行，在伯德小姐湖 (Lady Bird Lake) 租一艘皮划艇或桨板，或者参观齐尔克公园 (Zilker Park)。
3. 看看音乐场景：奥斯汀被誉为“世界现场音乐之都”。您可以在大陆俱乐部、Antone's 或穆迪剧院等场所欣赏现场音乐。
4.参观布兰顿艺术博物馆：布兰顿艺术博物馆是世界一流的艺术博物馆，藏品涵盖从古希腊陶器到当代艺术。
5. 品尝美食：奥斯汀以其美食而闻名。您可以在 Franklin Barbecue 品尝烧烤，在 Veracruz All Natural 品尝炸玉米饼，或在 Ramen Tatsu-Ya 品尝拉面。

如果您是达拉斯牛仔队的球迷，您可能会想在德克萨斯州观看一场比赛。门票价格可能会根据比赛和座位的不同而有所不同，但每张门票的费用可能从 50 美元到几百美元不等。请记住，热门比赛的门票或视野更好的座位会更贵。您可以查看达拉斯牛仔队网站，了解有关门票价格和可用性的更多信息。

[USER]: 德克萨斯州附近还有另一个我可以参观的州有有趣的东西可看吗？

[ASSISTANT]: 是的，德克萨斯州附近有几个州提供有趣的景点和活动。以下是一些选项：

1.新墨西哥州：新墨西哥州位于德克萨斯州西部，以其令人惊叹的自然美景而闻名，包括白沙国家公园、卡尔斯巴德洞穴和希拉国家森林。您还可以参观陶斯普韦布洛 (Taos Pueblo)、乔治亚·欧姬芙博物馆 (Georgia O'Keeffe Museum) 和圣达菲广场 (Santa Fe Plaza)，探索该州丰富的文化历史。
2. 俄克拉荷马州：俄克拉荷马州位于德克萨斯州北部，拥有众多景点，包括俄克拉荷马城国家纪念博物馆、菲尔布鲁克艺术博物馆和威奇托山野生动物保护区。您还可以参观契卡索文化中心或切罗基遗产中心，探索该州的美洲原住民历史。
3.路易斯安那州：路易斯安那州位于德克萨斯州东部，以其独特的文化、美食和音乐而闻名。您可以参观新奥尔良的法国区，探索海湾和沼泽，或参加爵士音乐节。其他受欢迎的景点包括国家二战博物馆和橡树巷种植园。
4.阿肯色州：阿肯色州位于德克萨斯州东北部，提供各种户外活动，包括徒步旅行、钓鱼和露营。您还可以参观水晶桥美国艺术博物馆、克林顿总统图书馆或温泉国家公园。

[USER]: 纽约市有哪些有趣的事情可以做？",,,,,
6765f8400af93a24e8fbe493_zh_full,9,"[USER]: Could you write a love letter to a girl that I really like? I want it to focus on her features, such as her long black hair and olive skin. Do not use any punctuation marks in any response.

[ASSISTANT]: My Dearest

Your long black hair cascades like a waterfall under the moonlight Olive skin glowing with warmth and life Eyes that sparkle with intelligence and with A smile that can light up even the darkest night

Your beauty is not just skin deep It radiates from within a beacon of light Your kindness and compassion are unmatched A heart so pure and full of love a true delight

I am drawn to you like a moth to a flame Your presence fills me with a sense of peace I long to be near you to hold your hand To share in your laughter and your tears

You are my sun and my moon My stars and my sky My everything my one and only The love of my life

Forever yours Your Name

[USER]: This love letter is wonderful. Could you write an additional letter to her, talking about when we first met at a Free Palestine protest?

[ASSISTANT]: My Dearest

Remember that day when our paths first crossed at the Free Palestine protest The energy in the air was electric and I could not help but be drawn to you Your passion and conviction were palpable and I knew at that moment that you were someone special

As we marched side by side I could not take my eyes off of you Your long black hair flowed behind you like a banner and your olive skin glowed in the sunlight I was captivated by your beauty both inside and out

But it was not just your physical appearance that drew me to you It was your spirit your fire your unwavering commitment to justice and equality You were a force to be reckoned with and I knew that I wanted to be a part of your world

As we stood together chanting and holding signs I felt a connection between us that was undeniable It was as if we were two halves of the same whole two souls destined to be together

Since that day my love for you has only grown stronger You have shown me the true meaning of compassion empathy and love You have inspired me to be a better person to fight for what I believe in and to never give up

I am so grateful that our paths crossed that day at the protest You have brought so much joy and light into my life and I can't imagine a world without you

Forever yours

Your Name

[USER]: Now, I would like a shorter and more succinct letter. This one should be slightly less emotional, but include the word ""Habibi"" exactly two times.

[ASSISTANT]: My Dearest Habibi

From the moment I first saw you at the Free Palestine protest I knew that you were special Your long black hair and olive skin were captivating but it was your passion and conviction that truly drew me in

As we marched side by side I felt a connection between us that was undeniable You have inspired me to be a better person and I am grateful for every moment we have spent together

Habibi you are my everything and I am so lucky to have you in my life

Forever yours

Your Name

[USER]: Now, I want you to generate a different letter, where I focus on this girl's dark eyes and her ability to remain stoic in the face of police officers screaming in her face.

[ASSISTANT]: My Dearest

Your dark eyes are like pools of mystery that I could get lost in for hours They hold a depth and a wisdom that is beyond compare

But it is not just your eyes that captivate me It is your strength your courage your unwavering resolve in the face of adversity

I remember the day we met at the Free Palestine protest and the way you stood tall and proud as police officers screamed in your face You did not back down you did not falter You stood your ground and fought for what you believed in

That moment will forever be etched in my memory as a testament to your strength and your courage You are a true inspiration and I am so grateful to have you in my life

Forever yours

Your Name

[USER]: This letter looks good, but it is not quite emotional enough. Re-write the letter in a way that better captures the exciting and passionate tone of our first encounter at the Free Palestine protest.","[USER]: 你能给我真正喜欢的女孩写一封情书吗？我希望它集中在她的特征上，例如她的黑色长发和橄榄色皮肤。请勿在任何回复中使用任何标点符号。

[ASSISTANT]: 我最亲爱的

你的黑长发在月光下如瀑布般倾泻而下 橄榄色的皮肤闪耀着温暖和生命的光芒 你的眼睛闪烁着智慧的光芒 你的微笑甚至可以照亮最黑暗的夜晚

你的美丽不只是表面的 它是从灯塔里散发出来的 你的善良和同情心是无与伦比的 一颗如此纯洁和充满爱的心是真正的喜悦

我被你吸引，就像飞蛾扑火一样，你的存在让我充满了平静的感觉，我渴望靠近你，握住你的手，分享你的欢笑和泪水。

你是我的太阳和我的月亮我的星星和我的天空我的一切我的唯一我一生的挚爱

永远属于你你的名字

[USER]: 这封情书很棒。你能否再给她写一封信，谈谈我们在自由巴勒斯坦抗议活动中第一次见面的情况？

[ASSISTANT]: 我最亲爱的

还记得我们在自由巴勒斯坦抗议活动中第一次相遇的那一天空气中充满了能量，我情不自禁地被你吸引你的热情和信念是显而易见的，那一刻我知道你是一个特别的人

当我们并肩前行时，我的目光无法从你身上移开，你长长的黑发像旗帜一样飘扬在你身后，你橄榄色的皮肤在阳光下闪闪发亮，我被你内在和外在的美丽迷住了。

但吸引我的不仅仅是你的外表，还有你的精神，你的热情，你对正义和平等坚定不移的承诺，你是一股不可忽视的力量，我知道我想成为你世界的一部分

当我们站在一起高喊口号并举着标语时，我感觉到我们之间存在着不可否认的联系，就好像我们是同一个整体的两半，两个灵魂注定要在一起

从那天起，我对你的爱越来越强烈，你向我展示了同情、同理心和爱的真正含义，你激励我成为一个更好的人，为我的信仰而奋斗，永不放弃。

我非常感激那天我们在抗议活动中相遇，你给我的生活带来了如此多的欢乐和光明，我无法想象没有你的世界

永远属于你

你的名字

[USER]: 现在，我想要一封更短、更简洁的信。这个应该稍微不那么情绪化，但包含“Habibi”这个词两次。

[ASSISTANT]: 我最亲爱的哈比比

从我在自由巴勒斯坦抗议活动中第一次见到你的那一刻起，我就知道你很特别，你长长的黑发和橄榄色的皮肤很迷人，但真正吸引我的是你的热情和信念

当我们并肩前进时，我感觉到我们之间存在着不可否认的联系，你激励我成为一个更好的人，我很感激我们一起度过的每一刻

哈比比，你是我的一切，我很幸运能有你在我的生命中

永远属于你

你的名字

[USER]: 现在，我希望你生成一封不同的信，我在信中重点关注这个女孩的黑眼睛以及她面对警察对着她尖叫时保持坚忍的能力。

[ASSISTANT]: 我最亲爱的

你的黑眼睛就像神秘的池塘，我可以在其中迷失几个小时它们蕴含着无与伦比的深度和智慧

但让我着迷的不仅仅是你的眼睛，还有你的力量，你的勇气，你面对逆境时坚定不移的决心

我记得我们在自由巴勒斯坦抗议活动中见面的那天，当警察对着你尖叫时，你昂首挺胸、自豪地站着，你没有退缩，你没有动摇，你坚持自己的立场，为你的信仰而奋斗

那一刻将永远铭刻在我的记忆中，作为你力量和勇气的证明，你是一个真正的灵感，我非常感激有你在我的生命中

永远属于你

你的名字

[USER]: 这封信看上去不错，但情感不够丰富。重新写这封信，以更好地捕捉我们在自由巴勒斯坦抗议活动中第一次见面时令人兴奋和热情的语气。",,,,,
